"sistema_u_otro","grupo","categoria","total","tasa_mortalidad"
"Ciertas afecciones originadas en el período perinatal","Afecciones asociadas con la regulación tegumentaria y la temperatura del feto y del recién nacido","Otras afecciones de la piel especificas del feto y del recién nacido",1,0.0980826797757438
"Ciertas afecciones originadas en el período perinatal","Feto y recién nacido afectados por factores maternos y por complicaciones del embarazo, del trabajo de parto y del parto","Feto y recién nacido afectados por complicaciones maternas del embarazo",3,0.294248039327231
"Ciertas afecciones originadas en el período perinatal","Infecciones específicas del período perinatal","Sepsis bacteriana del recién nacido",1,0.0980826797757438
"Ciertas afecciones originadas en el período perinatal","Trastornos del sistema digestivo del feto y del recién nacido","Enterocolitis necrotizante del feto y del recién nacido",2,0.196165359551488
"Ciertas afecciones originadas en el período perinatal","Trastornos hemorrágicos y hematológicos del feto y del recién nacido","Hemorragia intracraneal no traumática del feto y del recién nacido",1,0.0980826797757438
"Ciertas afecciones originadas en el período perinatal","Trastornos hemorrágicos y hematológicos del feto y del recién nacido","Otros trastornos hematológicos perinatales",1,0.0980826797757438
"Ciertas afecciones originadas en el período perinatal","Trastornos relacionados con la duración de la gestación y el crecimiento fetal","Trastornos relacionados con duración corta de la gestación y con bajo peso al nacer, no clasificados en otra parte",5,0.490413398878719
"Ciertas afecciones originadas en el período perinatal","Trastornos respiratorios y cardiovasculares específicos del período perinatal","Asfixia del nacimiento",3,0.294248039327231
"Ciertas afecciones originadas en el período perinatal","Trastornos respiratorios y cardiovasculares específicos del período perinatal","Dificultad respiratoria del recién nacido",3,0.294248039327231
"Ciertas afecciones originadas en el período perinatal","Trastornos respiratorios y cardiovasculares específicos del período perinatal","Hemorragia pulmonar originada en el período perinatal",2,0.196165359551488
"Ciertas afecciones originadas en el período perinatal","Trastornos respiratorios y cardiovasculares específicos del período perinatal","Neumonía congénita",1,0.0980826797757438
"Ciertas afecciones originadas en el período perinatal","Trastornos respiratorios y cardiovasculares específicos del período perinatal","Trastornos cardiovasculares originados en el período perinatal",1,0.0980826797757438
"Ciertas enfermedades infecciosas y parasitarias","Enfermedad por virus de la inmunodeficiencia humana [VIH]","Enfermedad por virus de la inmunodeficiencia humana [VIH], resultante  en tumores malignos",1,0.0980826797757438
"Ciertas enfermedades infecciosas y parasitarias","Enfermedad por virus de la inmunodeficiencia humana [VIH]","Enfermedad por virus de la inmunodeficiencia humana [VIH], resultante en enfermedades infecciosas y parasitarias",2,0.196165359551488
"Ciertas enfermedades infecciosas y parasitarias","Enfermedad por virus de la inmunodeficiencia humana [VIH]","Enfermedad por virus de la inmunodeficiencia humana [VIH], resultante en otras afecciones",1,0.0980826797757438
"Ciertas enfermedades infecciosas y parasitarias","Enfermedad por virus de la inmunodeficiencia humana [VIH]","Enfermedad por virus de la inmunodeficiencia humana [VIH], resultante en otras enfermedades especificadas",1,0.0980826797757438
"Ciertas enfermedades infecciosas y parasitarias","Enfermedades infecciosas intestinales","Otras gastroenteritis y colitis de origen infeccioso y no especificado",17,1.66740555618764
"Ciertas enfermedades infecciosas y parasitarias","Enfermedades infecciosas intestinales","Otras infecciones debidas a Salmonella",1,0.0980826797757438
"Ciertas enfermedades infecciosas y parasitarias","Enfermedades infecciosas intestinales","Otras infecciones intestinales bacterianas",3,0.294248039327231
"Ciertas enfermedades infecciosas y parasitarias","Hepatitis viral","Otras hepatitis virales agudas",3,0.294248039327231
"Ciertas enfermedades infecciosas y parasitarias","infecciones del sistema nervioso central","Infecciones del sistema nervioso central por virus atípico",13,1.27507483708467
"Ciertas enfermedades infecciosas y parasitarias","infecciones del sistema nervioso central","Meningitis viral",1,0.0980826797757438
"Ciertas enfermedades infecciosas y parasitarias","Micosis","Aspergilosis",1,0.0980826797757438
"Ciertas enfermedades infecciosas y parasitarias","Micosis","Candidiasis",1,0.0980826797757438
"Ciertas enfermedades infecciosas y parasitarias","Otras enfermedades bacterianas","Infección bacteriana de sitio no especificado",5,0.490413398878719
"Ciertas enfermedades infecciosas y parasitarias","Otras enfermedades bacterianas","Listeriosis",1,0.0980826797757438
"Ciertas enfermedades infecciosas y parasitarias","Otras enfermedades bacterianas","Otras septicemias",44,4.31563791013273
"Ciertas enfermedades infecciosas y parasitarias","Otras enfermedades virales","Otras enfermedades virales, no clasificadas en otra parte",2,0.196165359551488
"Ciertas enfermedades infecciosas y parasitarias","Secuelas de enfermedades infecciosas y parasitarias","Secuelas de poliomielitis",1,0.0980826797757438
"Ciertas enfermedades infecciosas y parasitarias","Secuelas de enfermedades infecciosas y parasitarias","Secuelas de tuberculosis",10,0.980826797757438
"Ciertas enfermedades infecciosas y parasitarias","Tuberculosis","Tuberculosis del sistema nervioso",1,0.0980826797757438
"Ciertas enfermedades infecciosas y parasitarias","Tuberculosis","Tuberculosis miliar",1,0.0980826797757438
"Ciertas enfermedades infecciosas y parasitarias","Tuberculosis","Tuberculosis respiratoria, no confirmada bacteriológica o histológicamente",6,0.588496078654463
"Códigos para propósitos especiales","Asignación provisoria de nuevas afecciones de etiología incierta","Uso emergente de U07",1560,153.00898045016
"Embarazo, parto y puerperio","Otras afecciones obstétricas no clasificadas en otra parte","Muerte materna debida a cualquier causa obstétrica que ocurre después de 42 días pero antes de un año del parto",1,0.0980826797757438
"Enfermedades de la piel y del tejido subcutáneo","Infecciones de la piel y del tejido subcutáneo","Celulitis",4,0.392330719102975
"Enfermedades de la piel y del tejido subcutáneo","Infecciones de la piel y del tejido subcutáneo","Pioderma",27,2.64823235394508
"Enfermedades de la piel y del tejido subcutáneo","Otros trastornos de la piel y del tejido subcutáneo","Lupus eritematoso",1,0.0980826797757438
"Enfermedades de la piel y del tejido subcutáneo","Otros trastornos de la piel y del tejido subcutáneo","Úlcera de de cúbito",29,2.84439771349657
"Enfermedades de la piel y del tejido subcutáneo","Otros trastornos de la piel y del tejido subcutáneo","Úlcera de miembro inferior, no clasificada en otra parte",1,0.0980826797757438
"Enfermedades de la piel y del tejido subcutáneo","Urticaria y eritema","Eritema multiforme",1,0.0980826797757438
"Enfermedades de la sangre y de los órganos hematopoyéticos, y ciertos trastornos que afectan el mecanismo de la inmunidad","Anemias aplásticas y otras anemias","Anemia posthemorrágica aguda",3,0.294248039327231
"Enfermedades de la sangre y de los órganos hematopoyéticos, y ciertos trastornos que afectan el mecanismo de la inmunidad","Anemias aplásticas y otras anemias","Otras anemias",11,1.07890947753318
"Enfermedades de la sangre y de los órganos hematopoyéticos, y ciertos trastornos que afectan el mecanismo de la inmunidad","Anemias aplásticas y otras anemias","Otras anemias aplásticas",8,0.78466143820595
"Enfermedades de la sangre y de los órganos hematopoyéticos, y ciertos trastornos que afectan el mecanismo de la inmunidad","Anemias nutricionales","Anemias por deficiencia de hierro",1,0.0980826797757438
"Enfermedades de la sangre y de los órganos hematopoyéticos, y ciertos trastornos que afectan el mecanismo de la inmunidad","Anemias nutricionales","Otras anemias nutricionales",1,0.0980826797757438
"Enfermedades de la sangre y de los órganos hematopoyéticos, y ciertos trastornos que afectan el mecanismo de la inmunidad","Ciertos trastornos que afectan el mecanismo de la inmunidad","Otras inmunodeficiencias",1,0.0980826797757438
"Enfermedades de la sangre y de los órganos hematopoyéticos, y ciertos trastornos que afectan el mecanismo de la inmunidad","Ciertos trastornos que afectan el mecanismo de la inmunidad","Sarcoidosis",2,0.196165359551488
"Enfermedades de la sangre y de los órganos hematopoyéticos, y ciertos trastornos que afectan el mecanismo de la inmunidad","Defectos de la coagulación, púrpura y otras afecciones hemorrágicas","Otros defectos de la coagulación",3,0.294248039327231
"Enfermedades de la sangre y de los órganos hematopoyéticos, y ciertos trastornos que afectan el mecanismo de la inmunidad","Defectos de la coagulación, púrpura y otras afecciones hemorrágicas","Púrpura y otras afecciones hemorrágicas",4,0.392330719102975
"Enfermedades de la sangre y de los órganos hematopoyéticos, y ciertos trastornos que afectan el mecanismo de la inmunidad","Otras enfermedades de la sangre y de los órganos hematopoyéticos","Agranulocitosis",1,0.0980826797757438
"Enfermedades del ojo y sus anexos","Trastornos del cuerpo vítreo y del globo ocular","Trastornos del globo ocular",1,0.0980826797757438
"Enfermedades del sistema circulatorio","Enfermedad cardiopulmonar y enfermedades de la circulación pulmonar","Embolia pulmonar",28,2.74631503372083
"Enfermedades del sistema circulatorio","Enfermedad cardiopulmonar y enfermedades de la circulación pulmonar","Otras enfermedades cardiopulmonares",2,0.196165359551488
"Enfermedades del sistema circulatorio","Enfermedades cardíacas reumáticas crónicas","Enfermedades reumáticas de la válvula mitral",5,0.490413398878719
"Enfermedades del sistema circulatorio","Enfermedades cardíacas reumáticas crónicas","Enfermedades valvulares múltiples",6,0.588496078654463
"Enfermedades del sistema circulatorio","Enfermedades cardíacas reumáticas crónicas","Otras enfermedades reumáticas del corazón",1,0.0980826797757438
"Enfermedades del sistema circulatorio","Enfermedades cerebrovasculares","Accidente vascular encefálico agudo, no especificado como hemorrágico o isquémico",120,11.7699215730893
"Enfermedades del sistema circulatorio","Enfermedades cerebrovasculares","Hemorragia intraencefálica",102,10.0044333371259
"Enfermedades del sistema circulatorio","Enfermedades cerebrovasculares","Hemorragia subaracnoidea",25,2.45206699439359
"Enfermedades del sistema circulatorio","Enfermedades cerebrovasculares","Infarto cerebral",12,1.17699215730893
"Enfermedades del sistema circulatorio","Enfermedades cerebrovasculares","Otras enfermedades cerebrovasculares",75,7.35620098318078
"Enfermedades del sistema circulatorio","Enfermedades cerebrovasculares","Otras hemorragias intracraneales no traumáticas",17,1.66740555618764
"Enfermedades del sistema circulatorio","Enfermedades cerebrovasculares","Secuelas de enfermedad cerebrovascular",168,16.477890202325
"Enfermedades del sistema circulatorio","Enfermedades de las arterias, de las arteriolas y de los vasos capilares","Aneurisma y disección aórticos",15,1.47124019663616
"Enfermedades del sistema circulatorio","Enfermedades de las arterias, de las arteriolas y de los vasos capilares","Embolia y trombosis arteriales",5,0.490413398878719
"Enfermedades del sistema circulatorio","Enfermedades de las arterias, de las arteriolas y de los vasos capilares","Otras enfermedades vasculares periféricas",9,0.882744117981694
"Enfermedades del sistema circulatorio","Enfermedades de las arterias, de las arteriolas y de los vasos capilares","Otros aneurismas",2,0.196165359551488
"Enfermedades del sistema circulatorio","Enfermedades de las arterias, de las arteriolas y de los vasos capilares","Otros trastornos arteriales o arteriolares",6,0.588496078654463
"Enfermedades del sistema circulatorio","Enfermedades de las venas y de los vasos y ganglios linfáticos, no clasificadas en otra parte","Flebitis y tromboflebitis",9,0.882744117981694
"Enfermedades del sistema circulatorio","Enfermedades de las venas y de los vasos y ganglios linfáticos, no clasificadas en otra parte","Otras embolias y trombosis venosas",1,0.0980826797757438
"Enfermedades del sistema circulatorio","Enfermedades de las venas y de los vasos y ganglios linfáticos, no clasificadas en otra parte","Otros trastornos de las venas",2,0.196165359551488
"Enfermedades del sistema circulatorio","Enfermedades de las venas y de los vasos y ganglios linfáticos, no clasificadas en otra parte","Várices esofágicas",4,0.392330719102975
"Enfermedades del sistema circulatorio","Enfermedades de las venas y de los vasos y ganglios linfáticos, no clasificadas en otra parte","Venas varicosas de los miembros inferiores",2,0.196165359551488
"Enfermedades del sistema circulatorio","Enfermedades hipertensivas","Enfermedad cardíaca hipertensiva",163,15.9874768034462
"Enfermedades del sistema circulatorio","Enfermedades hipertensivas","Enfermedad cardiorrenal hipertensiva",37,3.62905915170252
"Enfermedades del sistema circulatorio","Enfermedades hipertensivas","Enfermedad renal hipertensiva",53,5.19838202811442
"Enfermedades del sistema circulatorio","Enfermedades hipertensivas","Hipertensión esencial (primaria)",163,15.9874768034462
"Enfermedades del sistema circulatorio","Enfermedades isquémicas del corazón","Enfermedad isquémica crónica del corazón",115,11.2795081742105
"Enfermedades del sistema circulatorio","Enfermedades isquémicas del corazón","Infarto agudo del miocardio",282,27.6593156967597
"Enfermedades del sistema circulatorio","Enfermedades isquémicas del corazón","Otras enfermedades isquémicas agudas del corazón",18,1.76548823596339
"Enfermedades del sistema circulatorio","Otras formas de enfermedad del corazón","Bloqueo auriculoventricular y de rama izquierda del haz",8,0.78466143820595
"Enfermedades del sistema circulatorio","Otras formas de enfermedad del corazón","Cardiomiopatía",37,3.62905915170252
"Enfermedades del sistema circulatorio","Otras formas de enfermedad del corazón","Complicaciones y descripciones mal definidas de enfermedad cardíaca",12,1.17699215730893
"Enfermedades del sistema circulatorio","Otras formas de enfermedad del corazón","Endocarditis aguda y subaguda",10,0.980826797757438
"Enfermedades del sistema circulatorio","Otras formas de enfermedad del corazón","Endocarditis, válvula no especificada",2,0.196165359551488
"Enfermedades del sistema circulatorio","Otras formas de enfermedad del corazón","Fibrilación y aleteo auricular",52,5.10029934833868
"Enfermedades del sistema circulatorio","Otras formas de enfermedad del corazón","Insuficiencia cardíaca",102,10.0044333371259
"Enfermedades del sistema circulatorio","Otras formas de enfermedad del corazón","Miocarditis aguda",1,0.0980826797757438
"Enfermedades del sistema circulatorio","Otras formas de enfermedad del corazón","Otras arritmias cardiacas",16,1.5693228764119
"Enfermedades del sistema circulatorio","Otras formas de enfermedad del corazón","Otras enfermedades del pericardio",1,0.0980826797757438
"Enfermedades del sistema circulatorio","Otras formas de enfermedad del corazón","Otros trastornos de la conducción",2,0.196165359551488
"Enfermedades del sistema circulatorio","Otras formas de enfermedad del corazón","Paro cardíaco",3,0.294248039327231
"Enfermedades del sistema circulatorio","Otras formas de enfermedad del corazón","Trastornos no reumáticos de la válvula aórtica",13,1.27507483708467
"Enfermedades del sistema circulatorio","Otras formas de enfermedad del corazón","Trastornos no reumáticos de la válvula mitral",4,0.392330719102975
"Enfermedades del sistema digestivo","Enfermedades del apéndice","Apendicitis aguda",3,0.294248039327231
"Enfermedades del sistema digestivo","Enfermedades del apéndice","Apendicitis, no especificada",1,0.0980826797757438
"Enfermedades del sistema digestivo","Enfermedades del esófago, del estómago y del duodeno","Otras enfermedades del esófago",3,0.294248039327231
"Enfermedades del sistema digestivo","Enfermedades del esófago, del estómago y del duodeno","Úlcera duodenal",4,0.392330719102975
"Enfermedades del sistema digestivo","Enfermedades del esófago, del estómago y del duodeno","Úlcera gástrica",3,0.294248039327231
"Enfermedades del sistema digestivo","Enfermedades del esófago, del estómago y del duodeno","Úlcera péptica, de sitio no especificado",3,0.294248039327231
"Enfermedades del sistema digestivo","Enfermedades del hígado","Enfermedad alcohólica del hígado",177,17.3606343203066
"Enfermedades del sistema digestivo","Enfermedades del hígado","Enfermedad tóxica del hígado",1,0.0980826797757438
"Enfermedades del sistema digestivo","Enfermedades del hígado","Fibrosis y cirrosis del hígado",71,6.96387026407781
"Enfermedades del sistema digestivo","Enfermedades del hígado","Insuficiencia hepática, no clasificada en otra parte",30,2.94248039327231
"Enfermedades del sistema digestivo","Enfermedades del hígado","Otras enfermedades del hígado",115,11.2795081742105
"Enfermedades del sistema digestivo","Enfermedades del hígado","Otras enfermedades inflamatorias del hígado",6,0.588496078654463
"Enfermedades del sistema digestivo","Enfermedades del peritoneo","Otros trastornos del peritoneo",4,0.392330719102975
"Enfermedades del sistema digestivo","Enfermedades del peritoneo","Peritonitis",20,1.96165359551488
"Enfermedades del sistema digestivo","Enteritis y colitis no infecciosas","Colitis Ulcerativa",2,0.196165359551488
"Enfermedades del sistema digestivo","Enteritis y colitis no infecciosas","Enfermedad de Crohn [enteritis regional]",2,0.196165359551488
"Enfermedades del sistema digestivo","Enteritis y colitis no infecciosas","Otras colitis y gastroenteritis no infecciosas",2,0.196165359551488
"Enfermedades del sistema digestivo","Hernia","Hernia diafragmática",3,0.294248039327231
"Enfermedades del sistema digestivo","Hernia","Hernia femoral",1,0.0980826797757438
"Enfermedades del sistema digestivo","Hernia","Hernia inguinal",5,0.490413398878719
"Enfermedades del sistema digestivo","Hernia","Hernia no especificada de la cavidad abdominal",2,0.196165359551488
"Enfermedades del sistema digestivo","Hernia","Hernia umbilical",1,0.0980826797757438
"Enfermedades del sistema digestivo","Hernia","Hernia ventral",4,0.392330719102975
"Enfermedades del sistema digestivo","Otras enfermedades de los intestinos","Enfermedad diverticular del intestino",4,0.392330719102975
"Enfermedades del sistema digestivo","Otras enfermedades de los intestinos","Ileo paralítico y obstrucción intestinal sin hernia",35,3.43289379215103
"Enfermedades del sistema digestivo","Otras enfermedades de los intestinos","Otras enfermedades de los intestinos",6,0.588496078654463
"Enfermedades del sistema digestivo","Otras enfermedades de los intestinos","Otros trastornos funcionles del intestino",1,0.0980826797757438
"Enfermedades del sistema digestivo","Otras enfermedades de los intestinos","Trastornos vasculares de los intestinos",17,1.66740555618764
"Enfermedades del sistema digestivo","Otras enfermedades del sistema digestivo","Otras enfermedades del sistema digestivo",47,4.60988594945996
"Enfermedades del sistema digestivo","Trastornos de la vesícula biliar, de las vías biliares y del páncreas","Colecistitis",15,1.47124019663616
"Enfermedades del sistema digestivo","Trastornos de la vesícula biliar, de las vías biliares y del páncreas","Colelitiasis",13,1.27507483708467
"Enfermedades del sistema digestivo","Trastornos de la vesícula biliar, de las vías biliares y del páncreas","Otras enfermedades de las vías biliares",25,2.45206699439359
"Enfermedades del sistema digestivo","Trastornos de la vesícula biliar, de las vías biliares y del páncreas","Pancreatitis aguda",31,3.04056307304806
"Enfermedades del sistema genitourinario","Enfermedad renal tubulointersticial","Nefritis tubulointersticial aguda",19,1.86357091573913
"Enfermedades del sistema genitourinario","Enfermedad renal tubulointersticial","Nefritis tubulointersticial, no especificada como aguda o crónica",7,0.686578758430206
"Enfermedades del sistema genitourinario","Enfermedad renal tubulointersticial","Otras enfermedades renales tubulointersticiales",3,0.294248039327231
"Enfermedades del sistema genitourinario","Enfermedad renal tubulointersticial","Uropatía obstructiva y por reflujo",1,0.0980826797757438
"Enfermedades del sistema genitourinario","Enfermedades de los órganos genitales masculinos","Hiperplasia de la próstata",5,0.490413398878719
"Enfermedades del sistema genitourinario","Enfermedades de los órganos genitales masculinos","Otros trastornos de la próstata",1,0.0980826797757438
"Enfermedades del sistema genitourinario","Enfermedades de los órganos genitales masculinos","Trastornos inflamatorios de órganos genitales masculinos, no clasificados en otra parte",4,0.392330719102975
"Enfermedades del sistema genitourinario","Enfermedades glomerulares","Síndrome nefrítico agudo",3,0.294248039327231
"Enfermedades del sistema genitourinario","Enfermedades glomerulares","Síndrome nefrótico",1,0.0980826797757438
"Enfermedades del sistema genitourinario","Insuficiencia renal","Enfermedad (Insuficiencia) renal crónica",72,7.06195294385355
"Enfermedades del sistema genitourinario","Insuficiencia renal","Insuficiencia renal aguda",23,2.25590163484211
"Enfermedades del sistema genitourinario","Insuficiencia renal","Insuficiencia renal no especificada",8,0.78466143820595
"Enfermedades del sistema genitourinario","Litiasis urinaria","Cálculo de las vías urinarias inferiores",1,0.0980826797757438
"Enfermedades del sistema genitourinario","Otras enfermedades del sistema urinario","Otros trastornos del sistema urinario",74,7.25811830340504
"Enfermedades del sistema genitourinario","Otros trastornos del riñón y del uréter","Otros trastornos del riñón y del uréter, no clasificados en otra parte",3,0.294248039327231
"Enfermedades del sistema nervioso central","Atrofias sistémicas que afectan principalmente el sistema nervioso central","Ataxia hereditaria",1,0.0980826797757438
"Enfermedades del sistema nervioso central","Atrofias sistémicas que afectan principalmente el sistema nervioso central","Atrofia muscular espinal y síndromes afines",12,1.17699215730893
"Enfermedades del sistema nervioso central","Atrofias sistémicas que afectan principalmente el sistema nervioso central","Enfermedad de Huntington",3,0.294248039327231
"Enfermedades del sistema nervioso central","Enfermedades desmielinizantes del sistema nervioso central","Esclerosis múltiple",1,0.0980826797757438
"Enfermedades del sistema nervioso central","Enfermedades desmielinizantes del sistema nervioso central","Otras enfermedades desmielinizantes del sistema nervioso central",1,0.0980826797757438
"Enfermedades del sistema nervioso central","Enfermedades musculares y de la unión neuromuscular","Trastornos musculares primarios",3,0.294248039327231
"Enfermedades del sistema nervioso central","Meningitis bacteriana, no clasificada en otra parte","Absceso y granuloma intracraneal e intrarraquídeo",1,0.0980826797757438
"Enfermedades del sistema nervioso central","Meningitis bacteriana, no clasificada en otra parte","Meningitis bacteriana, no clasificada en otra parte",2,0.196165359551488
"Enfermedades del sistema nervioso central","Meningitis bacteriana, no clasificada en otra parte","Secuelas de enfermedades inflamatorias del sistema nervioso central",1,0.0980826797757438
"Enfermedades del sistema nervioso central","Otras enfermedades degenerativas del sistema nervioso","Enfermedad de Alzheimer",180,17.6548823596339
"Enfermedades del sistema nervioso central","Otras enfermedades degenerativas del sistema nervioso","Otras enfermedades degenerativas del sistema nervioso, no clasificadas en otra parte",4,0.392330719102975
"Enfermedades del sistema nervioso central","Otros trastornos del sistema nervioso","Encefalopatía tóxica",4,0.392330719102975
"Enfermedades del sistema nervioso central","Otros trastornos del sistema nervioso","Hidrocéfalo",3,0.294248039327231
"Enfermedades del sistema nervioso central","Otros trastornos del sistema nervioso","Otras enfermedades de la médula espinal",1,0.0980826797757438
"Enfermedades del sistema nervioso central","Otros trastornos del sistema nervioso","Otros trastornos del encéfalo",10,0.980826797757438
"Enfermedades del sistema nervioso central","Parálisis cerebral y otros síndromes paralíticos","Otros síndromes paralíticos",1,0.0980826797757438
"Enfermedades del sistema nervioso central","Parálisis cerebral y otros síndromes paralíticos","Parálisis cerebral",12,1.17699215730893
"Enfermedades del sistema nervioso central","Parálisis cerebral y otros síndromes paralíticos","Paraplejía y cuadriplejía",3,0.294248039327231
"Enfermedades del sistema nervioso central","Polineuropatías y otros trastornos del sistema nervioso periférico","Otras polineuropatías",1,0.0980826797757438
"Enfermedades del sistema nervioso central","Polineuropatías y otros trastornos del sistema nervioso periférico","Polineuopatía inflamatoria",3,0.294248039327231
"Enfermedades del sistema nervioso central","Trastornos episódicos y paroxísticos","Epilepsia",25,2.45206699439359
"Enfermedades del sistema nervioso central","Trastornos episódicos y paroxísticos","Estado de mal epiléptico",2,0.196165359551488
"Enfermedades del sistema nervioso central","Trastornos episódicos y paroxísticos","Trastornos del sueño",1,0.0980826797757438
"Enfermedades del sistema nervioso central","Trastornos extrapiramidales y del movimiento","Enfermedad de Parkinson",46,4.51180326968421
"Enfermedades del sistema nervioso central","Trastornos extrapiramidales y del movimiento","Otras enfermedades degenerativas de los núcleos de la base",2,0.196165359551488
"Enfermedades del sistema nervioso central","Trastornos extrapiramidales y del movimiento","Parkinsonismo secundario",2,0.196165359551488
"Enfermedades del sistema osteomuscular y del tejido conjuntivo","Artrosis","Coxartrosis [artrosis de la cadera]",1,0.0980826797757438
"Enfermedades del sistema osteomuscular y del tejido conjuntivo","Artrosis","Gonartrosis [artrosis de la rodilla]",1,0.0980826797757438
"Enfermedades del sistema osteomuscular y del tejido conjuntivo","Artrosis","Otras artrosis",5,0.490413398878719
"Enfermedades del sistema osteomuscular y del tejido conjuntivo","Espondilopatías","Otras espondilopatías inflamatorias",3,0.294248039327231
"Enfermedades del sistema osteomuscular y del tejido conjuntivo","Otras osteopatías","Osteomielitis",1,0.0980826797757438
"Enfermedades del sistema osteomuscular y del tejido conjuntivo","Otros trastornos de los tejidos blandos","Trastornos fibroblásticos",1,0.0980826797757438
"Enfermedades del sistema osteomuscular y del tejido conjuntivo","Poliartropatías inflamatorias","Gota",1,0.0980826797757438
"Enfermedades del sistema osteomuscular y del tejido conjuntivo","Poliartropatías inflamatorias","Otras artritis",1,0.0980826797757438
"Enfermedades del sistema osteomuscular y del tejido conjuntivo","Poliartropatías inflamatorias","Otras artritis reumatoides",7,0.686578758430206
"Enfermedades del sistema osteomuscular y del tejido conjuntivo","Trastornos de la densidad y de la estructura óseas","Osteoporosis sin fractura patológica",1,0.0980826797757438
"Enfermedades del sistema osteomuscular y del tejido conjuntivo","Trastornos de los músculos","Miositis",1,0.0980826797757438
"Enfermedades del sistema osteomuscular y del tejido conjuntivo","Trastornos de los músculos","Otros trastornos de los músculos",2,0.196165359551488
"Enfermedades del sistema osteomuscular y del tejido conjuntivo","Trastornos sistémicos del tejido conjuntivo","Dermatopolimiositis",1,0.0980826797757438
"Enfermedades del sistema osteomuscular y del tejido conjuntivo","Trastornos sistémicos del tejido conjuntivo","Esclerosis sistémica",2,0.196165359551488
"Enfermedades del sistema osteomuscular y del tejido conjuntivo","Trastornos sistémicos del tejido conjuntivo","Lupus eritematoso sistémico",3,0.294248039327231
"Enfermedades del sistema osteomuscular y del tejido conjuntivo","Trastornos sistémicos del tejido conjuntivo","Otras vasculopatías necrotizantes",1,0.0980826797757438
"Enfermedades del sistema osteomuscular y del tejido conjuntivo","Trastornos sistémicos del tejido conjuntivo","Otro compromiso sistémico del tejido conjuntivo",4,0.392330719102975
"Enfermedades del sistema osteomuscular y del tejido conjuntivo","Trastornos sistémicos del tejido conjuntivo","Poliarteritis nudosa y afecciones relacionadas",1,0.0980826797757438
"Enfermedades del sistema respiratorio","Afecciones supurativas y necróticas de las vías respiratorias inferiores","Absceso del pulmón y del mediastino",2,0.196165359551488
"Enfermedades del sistema respiratorio","Afecciones supurativas y necróticas de las vías respiratorias inferiores","Piotórax",2,0.196165359551488
"Enfermedades del sistema respiratorio","Enfermedades crónicas de las vías respiratorias inferiores","Asma",21,2.05973627529062
"Enfermedades del sistema respiratorio","Enfermedades crónicas de las vías respiratorias inferiores","Bronquiectasia",3,0.294248039327231
"Enfermedades del sistema respiratorio","Enfermedades crónicas de las vías respiratorias inferiores","Bronquitis crónica no especificada",1,0.0980826797757438
"Enfermedades del sistema respiratorio","Enfermedades crónicas de las vías respiratorias inferiores","Bronquitis, no especificada como aguda o crónica",2,0.196165359551488
"Enfermedades del sistema respiratorio","Enfermedades crónicas de las vías respiratorias inferiores","Enfisema",8,0.78466143820595
"Enfermedades del sistema respiratorio","Enfermedades crónicas de las vías respiratorias inferiores","Estado asmático",1,0.0980826797757438
"Enfermedades del sistema respiratorio","Enfermedades crónicas de las vías respiratorias inferiores","Otras enfermedades pulmonares obstructivas crónicas",174,17.0663862809794
"Enfermedades del sistema respiratorio","Enfermedades del pulmón debidas a agentes externos","Afecciones respiratorias debidas a inhalación de gases, humos, vapores y sustancias químicas",1,0.0980826797757438
"Enfermedades del sistema respiratorio","Enfermedades del pulmón debidas a agentes externos","Neumonitis debida a hipersensibilidad al polvo orgánico",1,0.0980826797757438
"Enfermedades del sistema respiratorio","Enfermedades del pulmón debidas a agentes externos","Neumonitis debida a sólidos y líquidos",61,5.98304346632037
"Enfermedades del sistema respiratorio","Influenza [gripe] y neumonía","Neumonía bacteriana, no clasificada en otra parte",35,3.43289379215103
"Enfermedades del sistema respiratorio","Influenza [gripe] y neumonía","Neumonía, organismo no especificado",100,9.80826797757438
"Enfermedades del sistema respiratorio","Otras enfermedades de la pleura","Derrame pleural no clasificado en otra parte",8,0.78466143820595
"Enfermedades del sistema respiratorio","Otras enfermedades de la pleura","Neumotórax",3,0.294248039327231
"Enfermedades del sistema respiratorio","Otras enfermedades de la pleura","Otras afecciones de la pleura",1,0.0980826797757438
"Enfermedades del sistema respiratorio","Otras enfermedades de las vías respiratorias superiores","Enfermedades de las cuerdas vocales y de la laringe, no clasificadas en otra parte",1,0.0980826797757438
"Enfermedades del sistema respiratorio","Otras enfermedades del sistema respiratorio","Insuficiencia respiratoria, no clasificada en otra parte",33,3.23672843259954
"Enfermedades del sistema respiratorio","Otras enfermedades del sistema respiratorio","Otras afecciones de la pleura",1,0.0980826797757438
"Enfermedades del sistema respiratorio","Otras enfermedades del sistema respiratorio","Otros trastornos respiratorios",22,2.15781895506636
"Enfermedades del sistema respiratorio","Otras enfermedades respiratorias que afectan principalmente al intersticio","Edema pulmonar",15,1.47124019663616
"Enfermedades del sistema respiratorio","Otras enfermedades respiratorias que afectan principalmente al intersticio","Otras enfermedades pulmonares intersticiales",120,11.7699215730893
"Enfermedades del sistema respiratorio","Otras enfermedades respiratorias que afectan principalmente al intersticio","Síndrome de dificultad respiratoria del adulto",7,0.686578758430206
"Enfermedades del sistema respiratorio","Otras infecciones agudas de las vías respiratorias inferiores","Bronquitis aguda",3,0.294248039327231
"Enfermedades del sistema respiratorio","Otras infecciones agudas de las vías respiratorias inferiores","Infección aguda no especificada de las vías respiratorias inferiores",1,0.0980826797757438
"Enfermedades endocrinas, nutricionales y metabólicas","Desnutrición","Desnutrición proteicocalórica de grado moderado y leve",1,0.0980826797757438
"Enfermedades endocrinas, nutricionales y metabólicas","Desnutrición","Desnutrición proteicocalórica severa, no especificada",11,1.07890947753318
"Enfermedades endocrinas, nutricionales y metabólicas","Desnutrición","Desnutrición proteicocalórica, no especificada",15,1.47124019663616
"Enfermedades endocrinas, nutricionales y metabólicas","Diabetes mellitus","Diabetes mellitus asociada con desnutrición",1,0.0980826797757438
"Enfermedades endocrinas, nutricionales y metabólicas","Diabetes mellitus","Diabetes mellitus insulinodependiente",2,0.196165359551488
"Enfermedades endocrinas, nutricionales y metabólicas","Diabetes mellitus","Diabetes mellitus no insulinodependiente",121,11.868004252865
"Enfermedades endocrinas, nutricionales y metabólicas","Diabetes mellitus","Diabetes mellitus, no especificada",95,9.31785457869566
"Enfermedades endocrinas, nutricionales y metabólicas","Obesidad y otros tipos de hiperalimentación","Obesidad",5,0.490413398878719
"Enfermedades endocrinas, nutricionales y metabólicas","Otros trastornos de la regulación de la glucosa y de la secreción interna del páncreas","Otros trastornos de la secreción interna del páncreas",5,0.490413398878719
"Enfermedades endocrinas, nutricionales y metabólicas","Trastornos de la glándula tiroides","Otros hipotiroidismos",4,0.392330719102975
"Enfermedades endocrinas, nutricionales y metabólicas","Trastornos de otras glándulas endocrinas","Otros trastornos  de la glándula suprarrenal",1,0.0980826797757438
"Enfermedades endocrinas, nutricionales y metabólicas","Trastornos metabólicos","Amiloidosis",4,0.392330719102975
"Enfermedades endocrinas, nutricionales y metabólicas","Trastornos metabólicos","Depleción del volumen",5,0.490413398878719
"Enfermedades endocrinas, nutricionales y metabólicas","Trastornos metabólicos","Otros trastornos de los líquidos, de los electrólitos y del equilibrio ácido-básico",14,1.37315751686041
"Enfermedades endocrinas, nutricionales y metabólicas","Trastornos metabólicos","Otros trastornos metabólicos",2,0.196165359551488
"Enfermedades endocrinas, nutricionales y metabólicas","Trastornos metabólicos","Trastornos del metabolismo de las lipoproteínas y otras lipidemias",10,0.980826797757438
"Enfermedades endocrinas, nutricionales y metabólicas","Trastornos metabólicos","Trastornos del metabolismo de las porfirinas y de la bilirrubina",1,0.0980826797757438
"Enfermedades endocrinas, nutricionales y metabólicas","Trastornos metabólicos","Trastornos del metabolismo de los minerales",1,0.0980826797757438
"Malformaciones congénitas, deformidades y anomalías cromosómicas","Anomalías cromosómicas, no clasificadas en otra parte","Otras anomalías cromosómicas, no clasificadas en otra parte",2,0.196165359551488
"Malformaciones congénitas, deformidades y anomalías cromosómicas","Malformaciones congénitas del sistema circulatorio","Malformaciones congénitas de las grandes arterias",2,0.196165359551488
"Malformaciones congénitas, deformidades y anomalías cromosómicas","Malformaciones congénitas del sistema circulatorio","Malformaciones congénitas de las válvulas aórtica y mitral",1,0.0980826797757438
"Malformaciones congénitas, deformidades y anomalías cromosómicas","Malformaciones congénitas del sistema circulatorio","Otras malformaciones congénitas del corazón",8,0.78466143820595
"Malformaciones congénitas, deformidades y anomalías cromosómicas","Malformaciones congénitas del sistema circulatorio","Otras malformaciones congénitas del sistema vascular periférico",1,0.0980826797757438
"Malformaciones congénitas, deformidades y anomalías cromosómicas","Malformaciones congénitas del sistema nervioso","Anencefalia y malformaciones congénitas similares",1,0.0980826797757438
"Malformaciones congénitas, deformidades y anomalías cromosómicas","Malformaciones congénitas del sistema nervioso","Espina bífida",1,0.0980826797757438
"Malformaciones congénitas, deformidades y anomalías cromosómicas","Malformaciones congénitas del sistema nervioso","Otras malformaciones congénitas del encéfalo",1,0.0980826797757438
"Malformaciones congénitas, deformidades y anomalías cromosómicas","Malformaciones congénitas del sistema respiratorio","Malformaciones congénitas del pulmón",2,0.196165359551488
"Malformaciones congénitas, deformidades y anomalías cromosómicas","Malformaciones congénitas del sistema urinario","Agenesia renal y otras malformaciones hipoplásicas del riñón",2,0.196165359551488
"Malformaciones congénitas, deformidades y anomalías cromosómicas","Malformaciones y deformidades congénitas del sistema osteomuscular","Malformaciones congénitas del sistema osteomuscular, no clasificadas en otra parte",3,0.294248039327231
"Malformaciones congénitas, deformidades y anomalías cromosómicas","Malformaciones y deformidades congénitas del sistema osteomuscular","Otras osteocondrodisplasias",1,0.0980826797757438
"Malformaciones congénitas, deformidades y anomalías cromosómicas","Otras malformaciones congénitas","Otras malformaciones congénitas, no clasificadas en otra parte",2,0.196165359551488
"Malformaciones congénitas, deformidades y anomalías cromosómicas","Otras malformaciones congénitas","Otros síndromes de malformaciones congénitas especificados que afectan múltiples sistemas",1,0.0980826797757438
"Síntomas, signos y hallazgos anormales clínicos y de laboratorio, no clasificados en otra parte","Causas de mortalidad mal definidas y desconocidas","Otras causas mal definidas y las no especificadas de mortalidad",284,27.8554810563112
"Síntomas, signos y hallazgos anormales clínicos y de laboratorio, no clasificados en otra parte","Causas de mortalidad mal definidas y desconocidas","Otras muertes súbitas de causa desconocida",6,0.588496078654463
"Síntomas, signos y hallazgos anormales clínicos y de laboratorio, no clasificados en otra parte","Síntomas y signos generales","Choque, no clasificado en otra parte",2,0.196165359551488
"Síntomas, signos y hallazgos anormales clínicos y de laboratorio, no clasificados en otra parte","Síntomas y signos generales","Hemorragia, no clasificada en otra parte",1,0.0980826797757438
"Síntomas, signos y hallazgos anormales clínicos y de laboratorio, no clasificados en otra parte","Síntomas y signos generales","Malestar y fatiga",4,0.392330719102975
"Síntomas, signos y hallazgos anormales clínicos y de laboratorio, no clasificados en otra parte","Síntomas y signos generales","Otros síntomas y signos generales",44,4.31563791013273
"Síntomas, signos y hallazgos anormales clínicos y de laboratorio, no clasificados en otra parte","Síntomas y signos generales","Senilidad",11,1.07890947753318
"Síntomas, signos y hallazgos anormales clínicos y de laboratorio, no clasificados en otra parte","Síntomas y signos generales","Síncope y colapso",1,0.0980826797757438
"Síntomas, signos y hallazgos anormales clínicos y de laboratorio, no clasificados en otra parte","Síntomas y signos que involucran el sistema digestivo y el abdomen","Dolor abdominal y pélvico",2,0.196165359551488
"Síntomas, signos y hallazgos anormales clínicos y de laboratorio, no clasificados en otra parte","Síntomas y signos que involucran los sistemas circulatorio y respiratorio","Anormalidades del latido cardíaco",1,0.0980826797757438
"Síntomas, signos y hallazgos anormales clínicos y de laboratorio, no clasificados en otra parte","Síntomas y signos que involucran los sistemas circulatorio y respiratorio","Otros síntomas y signos que involucran los sistemas circulatorio y respiratorio",4,0.392330719102975
"Síntomas, signos y hallazgos anormales clínicos y de laboratorio, no clasificados en otra parte","Síntomas y signos que involucran los sistemas nervioso y osteomuscular","Anormalidades de la marcha y de la movilidad",8,0.78466143820595
"Trastornos mentales y del comportamiento","Esquizofrenia, trastornos esquizotípicos y trastornos delirantes","Esquizofrenia",4,0.392330719102975
"Trastornos mentales y del comportamiento","Esquizofrenia, trastornos esquizotípicos y trastornos delirantes","Psicosis de origen no orgánico, no especificada",1,0.0980826797757438
"Trastornos mentales y del comportamiento","Retraso mental","Retraso mental, no especificado",1,0.0980826797757438
"Trastornos mentales y del comportamiento","Trastornos del humor [afectivos]","Episodio depresivo",1,0.0980826797757438
"Trastornos mentales y del comportamiento","Trastornos mentales orgánicos, incluidos los trastornos sintomáticos","Delirio, no inducido por alcohol o por otras sustancias psicoactivas",2,0.196165359551488
"Trastornos mentales y del comportamiento","Trastornos mentales orgánicos, incluidos los trastornos sintomáticos","Demencia , no especificada",133,13.0449964101739
"Trastornos mentales y del comportamiento","Trastornos mentales orgánicos, incluidos los trastornos sintomáticos","Demencia vascular",11,1.07890947753318
"Trastornos mentales y del comportamiento","Trastornos mentales orgánicos, incluidos los trastornos sintomáticos","Otros trastornos mentales debidos a lesión y disfunción cerebral, y a enfermedad física",2,0.196165359551488
"Trastornos mentales y del comportamiento","Trastornos mentales y del comportamiento debidos al uso de sustancias psicoactivas","Trastornos mentales y del comportamiento debidos al uso de alcohol",43,4.21755523035698
"Trastornos mentales y del comportamiento","Trastornos mentales y del comportamiento debidos al uso de sustancias psicoactivas","Trastornos mentales y del comportamiento debidos al uso de cocaína",1,0.0980826797757438
"Trastornos mentales y del comportamiento","Trastornos mentales y del comportamiento debidos al uso de sustancias psicoactivas","Trastornos mentales y del comportamiento debidos al uso de múltiples drogas y al uso de otras sustancias psicoactivas",1,0.0980826797757438
"Trastornos mentales y del comportamiento","Trastornos mentales y del comportamiento debidos al uso de sustancias psicoactivas","Trastornos mentales y del comportamiento debidos al uso de tabaco",2,0.196165359551488
"Traumatismos, envenenamientos y algunas otras consecuencias de causas externas","Complicaciones de la atención médica y quirúrgica, no clasificadas en otra parte","Complicaciones de dispositivos protésicos, implantes e injertos cardiovasculares",1,0.0980826797757438
"Traumatismos, envenenamientos y algunas otras consecuencias de causas externas","Complicaciones de la atención médica y quirúrgica, no clasificadas en otra parte","Complicaciones de dispositivos protésicos, implantes e injertos ortopédicos internos",3,0.294248039327231
"Traumatismos, envenenamientos y algunas otras consecuencias de causas externas","Complicaciones de la atención médica y quirúrgica, no clasificadas en otra parte","Complicaciones de dispositivos, implantes e injertos genitourinarios",1,0.0980826797757438
"Traumatismos, envenenamientos y algunas otras consecuencias de causas externas","Complicaciones de la atención médica y quirúrgica, no clasificadas en otra parte","Complicaciones de otros dispositivos protésicos, implantes e injertos internos",2,0.196165359551488
"Traumatismos, envenenamientos y algunas otras consecuencias de causas externas","Complicaciones de la atención médica y quirúrgica, no clasificadas en otra parte","Falla y rechazo del trasplante de órganos y tejidos",1,0.0980826797757438
"Traumatismos, envenenamientos y algunas otras consecuencias de causas externas","Complicaciones de la atención médica y quirúrgica, no clasificadas en otra parte","Otras complicaciones de la atención médica y quirúrgica, no clasificadas en otra parte",2,0.196165359551488
"Traumatismos, envenenamientos y algunas otras consecuencias de causas externas","Efectos de cuerpos extraños que penetran por orificios naturales","Cuerpo extraño en las vías respiratorias",13,1.27507483708467
"Traumatismos, envenenamientos y algunas otras consecuencias de causas externas","Efectos tóxicos de sustancias de procedencia principalmente no medicinal","Efecto tóxico de otras sustancias y las no especificadas",5,0.490413398878719
"Traumatismos, envenenamientos y algunas otras consecuencias de causas externas","Efectos tóxicos de sustancias de procedencia principalmente no medicinal","Efecto tóxico de otros gases, humos y vapores",20,1.96165359551488
"Traumatismos, envenenamientos y algunas otras consecuencias de causas externas","Efectos tóxicos de sustancias de procedencia principalmente no medicinal","Efecto tóxico de plaguicidas (pesticidas)",3,0.294248039327231
"Traumatismos, envenenamientos y algunas otras consecuencias de causas externas","Efectos tóxicos de sustancias de procedencia principalmente no medicinal","Efecto tóxico del alcohol",5,0.490413398878719
"Traumatismos, envenenamientos y algunas otras consecuencias de causas externas","Efectos tóxicos de sustancias de procedencia principalmente no medicinal","Efecto tóxico del monóxido de carbono",5,0.490413398878719
"Traumatismos, envenenamientos y algunas otras consecuencias de causas externas","Envenenamiento por drogas, medicamentos y sustancias biológicas","Envenenamiento por diuréticos y otras drogas, medicamentos y sustancias biológicas no especificadas",6,0.588496078654463
"Traumatismos, envenenamientos y algunas otras consecuencias de causas externas","Envenenamiento por drogas, medicamentos y sustancias biológicas","Envenenamiento por narcóticos y psicodislépticos (alucinógenos)",1,0.0980826797757438
"Traumatismos, envenenamientos y algunas otras consecuencias de causas externas","Otros efectos y los no especificados de causas externas","Asfixia",112,10.9852601348833
"Traumatismos, envenenamientos y algunas otras consecuencias de causas externas","Otros efectos y los no especificados de causas externas","Efectos adversos, no clasificados en otra parte",3,0.294248039327231
"Traumatismos, envenenamientos y algunas otras consecuencias de causas externas","Otros efectos y los no especificados de causas externas","Efectos de otras causas externas",57,5.59071274721739
"Traumatismos, envenenamientos y algunas otras consecuencias de causas externas","Otros efectos y los no especificados de causas externas","Efectos de otras privaciones",3,0.294248039327231
"Traumatismos, envenenamientos y algunas otras consecuencias de causas externas","Otros efectos y los no especificados de causas externas","Hipotermia",2,0.196165359551488
"Traumatismos, envenenamientos y algunas otras consecuencias de causas externas","Quemaduras y corrosiones","Quemadura y corrosión de la cabeza y del cuello",1,0.0980826797757438
"Traumatismos, envenenamientos y algunas otras consecuencias de causas externas","Quemaduras y corrosiones","Quemadura y corrosión de las vías respiratorias",1,0.0980826797757438
"Traumatismos, envenenamientos y algunas otras consecuencias de causas externas","Quemaduras y corrosiones","Quemadura y corrosión, región del cuerpo no especificada",1,0.0980826797757438
"Traumatismos, envenenamientos y algunas otras consecuencias de causas externas","Quemaduras y corrosiones","Quemaduras y corrosiones de múltiples regiones del cuerpo",4,0.392330719102975
"Traumatismos, envenenamientos y algunas otras consecuencias de causas externas","Secuelas de traumatismos, de envenamiento y de otras consecuencias de causas externas","Secuelas de traumatismos de la cabeza",5,0.490413398878719
"Traumatismos, envenenamientos y algunas otras consecuencias de causas externas","Secuelas de traumatismos, de envenamiento y de otras consecuencias de causas externas","Secuelas de traumatismos del cuello y del tronco",1,0.0980826797757438
"Traumatismos, envenenamientos y algunas otras consecuencias de causas externas","Traumatismos de la cabeza","Herida de la cabeza",1,0.0980826797757438
"Traumatismos, envenenamientos y algunas otras consecuencias de causas externas","Traumatismos de la cabeza","Otros traumatismos y los no especificados de la cabeza",1,0.0980826797757438
"Traumatismos, envenenamientos y algunas otras consecuencias de causas externas","Traumatismos de la cabeza","Traumatismo intracraneal",95,9.31785457869566
"Traumatismos, envenenamientos y algunas otras consecuencias de causas externas","Traumatismos de la cabeza","Traumatismo superficial de la cabeza",1,0.0980826797757438
"Traumatismos, envenenamientos y algunas otras consecuencias de causas externas","Traumatismos de la cadera y del muslo","Fractura del fémur",45,4.41372058990847
"Traumatismos, envenenamientos y algunas otras consecuencias de causas externas","Traumatismos de la cadera y del muslo","Herida de la cadera y del muslo",1,0.0980826797757438
"Traumatismos, envenenamientos y algunas otras consecuencias de causas externas","Traumatismos de la cadera y del muslo","Traumatismo de nervios a nivel de la cadera y del muslo",1,0.0980826797757438
"Traumatismos, envenenamientos y algunas otras consecuencias de causas externas","Traumatismos de la rodilla y de la pierna","Fractura de la pierna, inclusive del tobillo",3,0.294248039327231
"Traumatismos, envenenamientos y algunas otras consecuencias de causas externas","Traumatismos de parte no especificada del tronco, miembro o región del cuerpo","Fractura de miembro inferior, nivel no especificado",1,0.0980826797757438
"Traumatismos, envenenamientos y algunas otras consecuencias de causas externas","Traumatismos de parte no especificada del tronco, miembro o región del cuerpo","Otros traumatismos de la columna vertebral y del tronco, nivel no especificado",2,0.196165359551488
"Traumatismos, envenenamientos y algunas otras consecuencias de causas externas","Traumatismos de parte no especificada del tronco, miembro o región del cuerpo","Traumatismo de regiones no especificadas del cuerpo",3,0.294248039327231
"Traumatismos, envenenamientos y algunas otras consecuencias de causas externas","Traumatismos del abdomen, de la región lumbosacra, de la columna lumbar y de la pelvis","Fractura de la columna lumbar y de la pelvis",3,0.294248039327231
"Traumatismos, envenenamientos y algunas otras consecuencias de causas externas","Traumatismos del abdomen, de la región lumbosacra, de la columna lumbar y de la pelvis","Herida del abdomen, de la región lumbosacra y de la pelvis",1,0.0980826797757438
"Traumatismos, envenenamientos y algunas otras consecuencias de causas externas","Traumatismos del abdomen, de la región lumbosacra, de la columna lumbar y de la pelvis","Otros traumatismos y los no especificados del abdomen, de la región lumbosacra y de la pelvis",6,0.588496078654463
"Traumatismos, envenenamientos y algunas otras consecuencias de causas externas","Traumatismos del abdomen, de la región lumbosacra, de la columna lumbar y de la pelvis","Traumatismo de órganos intraabdominales",1,0.0980826797757438
"Traumatismos, envenenamientos y algunas otras consecuencias de causas externas","Traumatismos del cuello","Herida del cuello",2,0.196165359551488
"Traumatismos, envenenamientos y algunas otras consecuencias de causas externas","Traumatismos del cuello","Otros traumatismos y los no especificados del cuello",1,0.0980826797757438
"Traumatismos, envenenamientos y algunas otras consecuencias de causas externas","Traumatismos del tórax","Herida del tórax",5,0.490413398878719
"Traumatismos, envenenamientos y algunas otras consecuencias de causas externas","Traumatismos del tórax","Otros traumatismos y los no especificados del tórax",15,1.47124019663616
"Traumatismos, envenenamientos y algunas otras consecuencias de causas externas","Traumatismos del tórax","Traumatismo de otros órganos intratorácicos y de los no especificados",3,0.294248039327231
"Traumatismos, envenenamientos y algunas otras consecuencias de causas externas","Traumatismos del tórax","Traumatismo de vasos sanguíneos del tórax",2,0.196165359551488
"Traumatismos, envenenamientos y algunas otras consecuencias de causas externas","Traumatismos del tórax","Traumatismo del corazón",2,0.196165359551488
"Traumatismos, envenenamientos y algunas otras consecuencias de causas externas","Traumatismos del tórax","Traumatismo por aplastamiento del tórax y amputación traumática de parte del tórax",1,0.0980826797757438
"Traumatismos, envenenamientos y algunas otras consecuencias de causas externas","Traumatismos del tórax","Traumatismo superficial del tórax",2,0.196165359551488
"Traumatismos, envenenamientos y algunas otras consecuencias de causas externas","Traumatismos que afectan múltiples regiones del cuerpo","Otros traumatismos que afectan múltiples regiones del cuerpo, no clasificados en otra parte",16,1.5693228764119
"Traumatismos, envenenamientos y algunas otras consecuencias de causas externas","Traumatismos que afectan múltiples regiones del cuerpo","Traumatismos múltiples, no especificados",113,11.083342814659
"Tumores [Neoplasias]","Melanoma y otros tumores malignos de la piel","Melanoma maligno de la piel",14,1.37315751686041
"Tumores [Neoplasias]","Melanoma y otros tumores malignos de la piel","Otros tumores malignos de la piel",14,1.37315751686041
"Tumores [Neoplasias]","Tumor maligno de la mama","Tumor maligno de la mama",91,8.92552385959268
"Tumores [Neoplasias]","Tumores [neoplasias] benignos","Hemangioma y linfangioma de cualquier sitio",1,0.0980826797757438
"Tumores [Neoplasias]","Tumores [neoplasias] benignos","Tumor benigno de los órganos genitales masculinos",1,0.0980826797757438
"Tumores [Neoplasias]","Tumores [neoplasias] benignos","Tumor benigno del encéfalo y de otras partes del sistema nervioso central",1,0.0980826797757438
"Tumores [Neoplasias]","Tumores [neoplasias] benignos","Tumores benignos de las meninges",3,0.294248039327231
"Tumores [Neoplasias]","Tumores [neoplasias] de comportamiento incierto o desconocido","Otros tumores de comportamiento incierto o desconocido del tejido linfático, de los órganos hematopoyéticos y de tejidos afines",15,1.47124019663616
"Tumores [Neoplasias]","Tumores [neoplasias] de comportamiento incierto o desconocido","Policitemia vera",1,0.0980826797757438
"Tumores [Neoplasias]","Tumores [neoplasias] de comportamiento incierto o desconocido","Síndromes mielodisplásicos",5,0.490413398878719
"Tumores [Neoplasias]","Tumores [neoplasias] de comportamiento incierto o desconocido","Tumor de comportamiento incierto o desconocido de la cavidad bucal y de los órganos digestivos",22,2.15781895506636
"Tumores [Neoplasias]","Tumores [neoplasias] de comportamiento incierto o desconocido","Tumor de comportamiento incierto o desconocido de las glándulas endocrinas",1,0.0980826797757438
"Tumores [Neoplasias]","Tumores [neoplasias] de comportamiento incierto o desconocido","Tumor de comportamiento incierto o desconocido de los órganos urinarios",6,0.588496078654463
"Tumores [Neoplasias]","Tumores [neoplasias] de comportamiento incierto o desconocido","Tumor de comportamiento incierto o desconocido de otros sitios y de los no especificados",4,0.392330719102975
"Tumores [Neoplasias]","Tumores [neoplasias] de comportamiento incierto o desconocido","Tumor de comportamiento incierto o desconocido del encéfalo y del sistema nervioso central",18,1.76548823596339
"Tumores [Neoplasias]","Tumores [neoplasias] de comportamiento incierto o desconocido","Tumor de comportamiento incierto o desconocido del oído medio y de los órganos respiratorios e intratorácicos",2,0.196165359551488
"Tumores [Neoplasias]","Tumores [neoplasias] in situ","Carcinoma in situ de la cavidad bucal, del esófago y del estómago",1,0.0980826797757438
"Tumores [Neoplasias]","Tumores [neoplasias] malignos de sitios mal definidos, secundarios y de sitios no especificados","Tumor maligno de otros sitios y de los sitios mal definidos",9,0.882744117981694
"Tumores [Neoplasias]","Tumores [neoplasias] malignos de sitios mal definidos, secundarios y de sitios no especificados","Tumor maligno secundario de otros sitios y los no especificados",61,5.98304346632037
"Tumores [Neoplasias]","Tumores [neoplasias] malignos del tejido linfático, de los órganos hematopoyéticos y de tejidos afines","Leucemia de células de tipo no especificado",10,0.980826797757438
"Tumores [Neoplasias]","Tumores [neoplasias] malignos del tejido linfático, de los órganos hematopoyéticos y de tejidos afines","Leucemia linfoide",12,1.17699215730893
"Tumores [Neoplasias]","Tumores [neoplasias] malignos del tejido linfático, de los órganos hematopoyéticos y de tejidos afines","Leucemia mieloide",17,1.66740555618764
"Tumores [Neoplasias]","Tumores [neoplasias] malignos del tejido linfático, de los órganos hematopoyéticos y de tejidos afines","Linfoma de células T/NK maduras",4,0.392330719102975
"Tumores [Neoplasias]","Tumores [neoplasias] malignos del tejido linfático, de los órganos hematopoyéticos y de tejidos afines","Linfoma de Hodgkin",6,0.588496078654463
"Tumores [Neoplasias]","Tumores [neoplasias] malignos del tejido linfático, de los órganos hematopoyéticos y de tejidos afines","Linfoma no folicular",3,0.294248039327231
"Tumores [Neoplasias]","Tumores [neoplasias] malignos del tejido linfático, de los órganos hematopoyéticos y de tejidos afines","Linfoma no Hodgkin de otro tipo y el no especificado",16,1.5693228764119
"Tumores [Neoplasias]","Tumores [neoplasias] malignos del tejido linfático, de los órganos hematopoyéticos y de tejidos afines","Mieloma múltiple y tumores de células plasmáticas",29,2.84439771349657
"Tumores [Neoplasias]","Tumores [neoplasias] malignos del tejido linfático, de los órganos hematopoyéticos y de tejidos afines","Otras leucemias de tipo celular especificado",1,0.0980826797757438
"Tumores [Neoplasias]","Tumores malignos de la glándula tiroides y de otras glándulas endocrinas","Tumor maligno de la glándula suprarrenal",1,0.0980826797757438
"Tumores [Neoplasias]","Tumores malignos de la glándula tiroides y de otras glándulas endocrinas","Tumor maligno de la glándula tiroides",8,0.78466143820595
"Tumores [Neoplasias]","Tumores malignos de la glándula tiroides y de otras glándulas endocrinas","Tumor maligno de otras glándulas endocrinas y de estructuras afines",1,0.0980826797757438
"Tumores [Neoplasias]","Tumores malignos de las vías urinarias","Tumor maligno de la pelvis renal",1,0.0980826797757438
"Tumores [Neoplasias]","Tumores malignos de las vías urinarias","Tumor maligno de la vejiga urinaria",19,1.86357091573913
"Tumores [Neoplasias]","Tumores malignos de las vías urinarias","Tumor maligno de otros óganos urinarios y de los no especificados",1,0.0980826797757438
"Tumores [Neoplasias]","Tumores malignos de las vías urinarias","Tumor maligno del riñón, excepto de la pelvis renal",46,4.51180326968421
"Tumores [Neoplasias]","Tumores malignos de las vías urinarias","Tumor maligno del uréter",1,0.0980826797757438
"Tumores [Neoplasias]","Tumores malignos de los huesos y de los cartílagos articulares de los miembros","Tumor maligno de los huesos y de los cartílagos articulares de los miembros",2,0.196165359551488
"Tumores [Neoplasias]","Tumores malignos de los huesos y de los cartílagos articulares de los miembros","Tumor maligno de los huesos y de los cartílagos articulares, de otros sitios y de sitios no especificados",9,0.882744117981694
"Tumores [Neoplasias]","Tumores malignos de los órganos digestivos","Tumor maligno de la unión rectosigmoidea",19,1.86357091573913
"Tumores [Neoplasias]","Tumores malignos de los órganos digestivos","Tumor maligno de la vesícula biliar",100,9.80826797757438
"Tumores [Neoplasias]","Tumores malignos de los órganos digestivos","Tumor maligno de otras partes y de las no especificadas de las vías biliares",29,2.84439771349657
"Tumores [Neoplasias]","Tumores malignos de los órganos digestivos","Tumor maligno de otros sitios y de los mal definidos de los órganos digestivos",8,0.78466143820595
"Tumores [Neoplasias]","Tumores malignos de los órganos digestivos","Tumor maligno del ano y del conducto anal",1,0.0980826797757438
"Tumores [Neoplasias]","Tumores malignos de los órganos digestivos","Tumor maligno del colon",157,15.3989807247918
"Tumores [Neoplasias]","Tumores malignos de los órganos digestivos","Tumor maligno del esófago",72,7.06195294385355
"Tumores [Neoplasias]","Tumores malignos de los órganos digestivos","Tumor maligno del estómago",223,21.8724375899909
"Tumores [Neoplasias]","Tumores malignos de los órganos digestivos","Tumor maligno del hígado y de las vías biliares intrahepáticas",95,9.31785457869566
"Tumores [Neoplasias]","Tumores malignos de los órganos digestivos","Tumor maligno del intestino delgado",7,0.686578758430206
"Tumores [Neoplasias]","Tumores malignos de los órganos digestivos","Tumor maligno del páncreas",63,6.17920882587186
"Tumores [Neoplasias]","Tumores malignos de los órganos digestivos","Tumor maligno del recto",49,4.80605130901144
"Tumores [Neoplasias]","Tumores malignos de los órganos genitales femeninos","Tumor maligno de la vulva",5,0.490413398878719
"Tumores [Neoplasias]","Tumores malignos de los órganos genitales femeninos","Tumor maligno del cuello del útero",46,4.51180326968421
"Tumores [Neoplasias]","Tumores malignos de los órganos genitales femeninos","Tumor maligno del cuerpo del útero",14,1.37315751686041
"Tumores [Neoplasias]","Tumores malignos de los órganos genitales femeninos","Tumor maligno del ovario",42,4.11947255058124
"Tumores [Neoplasias]","Tumores malignos de los órganos genitales femeninos","Tumor maligno del útero, parte no especificada",8,0.78466143820595
"Tumores [Neoplasias]","Tumores malignos de los órganos genitales masculinos","Tumor maligno de la próstata",148,14.5162366068101
"Tumores [Neoplasias]","Tumores malignos de los órganos genitales masculinos","Tumor maligno del pene",1,0.0980826797757438
"Tumores [Neoplasias]","Tumores malignos de los órganos genitales masculinos","Tumor maligno del testículo",4,0.392330719102975
"Tumores [Neoplasias]","Tumores malignos de los órganos respiratorios e intratorácicos","Tumor maligno de la laringe",6,0.588496078654463
"Tumores [Neoplasias]","Tumores malignos de los órganos respiratorios e intratorácicos","Tumor maligno de la tráquea",2,0.196165359551488
"Tumores [Neoplasias]","Tumores malignos de los órganos respiratorios e intratorácicos","Tumor maligno de los bronquios y del pulmón",141,13.8296578483799
"Tumores [Neoplasias]","Tumores malignos de los órganos respiratorios e intratorácicos","Tumor maligno de los senos paranasales",2,0.196165359551488
"Tumores [Neoplasias]","Tumores malignos de los órganos respiratorios e intratorácicos","Tumor maligno del corazón, del mediastino y de la pleura",5,0.490413398878719
"Tumores [Neoplasias]","Tumores malignos de los tejidos mesoteliales y de los tejidos blandos","Mesotelioma",1,0.0980826797757438
"Tumores [Neoplasias]","Tumores malignos de los tejidos mesoteliales y de los tejidos blandos","Tumor maligno de otros tejidos conjuntivos y de tejidos blandos",10,0.980826797757438
"Tumores [Neoplasias]","Tumores malignos de los tejidos mesoteliales y de los tejidos blandos","Tumor maligno del peritoneo y del retroperitoneo",5,0.490413398878719
"Tumores [Neoplasias]","Tumores malignos del labio, de la cavidad bucal y de la faringe","Tumor maligno de la glándula parótida",2,0.196165359551488
"Tumores [Neoplasias]","Tumores malignos del labio, de la cavidad bucal y de la faringe","Tumor maligno de la hipofaringe",3,0.294248039327231
"Tumores [Neoplasias]","Tumores malignos del labio, de la cavidad bucal y de la faringe","Tumor maligno de la orofaringe",1,0.0980826797757438
"Tumores [Neoplasias]","Tumores malignos del labio, de la cavidad bucal y de la faringe","Tumor maligno de otras glándulas salivales mayores y de las no especificadas",1,0.0980826797757438
"Tumores [Neoplasias]","Tumores malignos del labio, de la cavidad bucal y de la faringe","Tumor maligno de otras partes y de las no especificadas de la boca",1,0.0980826797757438
"Tumores [Neoplasias]","Tumores malignos del labio, de la cavidad bucal y de la faringe","Tumor maligno de otras partes y de las no especificadas de la lengua",1,0.0980826797757438
"Tumores [Neoplasias]","Tumores malignos del labio, de la cavidad bucal y de la faringe","Tumor maligno del piso de la boca",1,0.0980826797757438
"Tumores [Neoplasias]","Tumores malignos del ojo, del encéfalo y de otras partes del sistema nervioso central","Tumor maligno de la médula espinal, de los nervios craneales y de otras partes del sistema nervioso central",1,0.0980826797757438
"Tumores [Neoplasias]","Tumores malignos del ojo, del encéfalo y de otras partes del sistema nervioso central","Tumor maligno de las meninges",1,0.0980826797757438
"Tumores [Neoplasias]","Tumores malignos del ojo, del encéfalo y de otras partes del sistema nervioso central","Tumor maligno del encéfalo",25,2.45206699439359
